<package>
	<id></id>
	<name></name>
	<version>1.0</version>
	<compatibility>
		<firmware>
			<miniOS></miniOS>
			<maxiOS></maxiOS>
			<otherVersions>unsupported</otherVersions>
		</firmware>
	</compatibility>
	<dependencies>
		<package></package>
	</dependencies>
	<shortDescription></shortDescription>
	<descriptionlist>
		<description></description>
	</descriptionlist>
	<screenshots></screenshots>
	<changelog>
		<change></change>
	</changelog>
	<links></links>
</package>
